陳某豪,60,2016-11-01 11:30:27
热德布耀布耀徳,78,2016-11-01 11:30:37
蜡笔➕喜,27,2016-11-01 11:30:49
微微🎈,30,2016-11-01 11:31:03
我用双手成就你的梦想,68,2016-11-01 11:31:13
陈歪歪,94,2016-11-01 11:31:17
simon,60,2016-11-01 11:31:17
椰子喵,37,2016-11-01 11:31:24
Ansion,45,2016-11-01 11:31:28
菜头,25,2016-11-01 11:31:34
xiezz,11,2016-11-01 11:31:41
颂文.Gavin,18,2016-11-01 11:31:41
TONG,36,2016-11-01 11:31:42
阿伟,13,2016-11-01 11:31:44
左亚龙,23,2016-11-01 11:31:44
求学,57,2016-11-01 11:31:53
陈昶行,86,2016-11-01 11:31:56
谢小to,36,2016-11-01 11:31:59
吴鹏,24,2016-11-01 11:32:12
郁铎,59,2016-11-01 11:32:12
Leo,12,2016-11-01 11:32:12
爱萌99,23,2016-11-01 11:32:13
张龙,56,2016-11-01 11:32:16
白衬衫,23,2016-11-01 11:32:20
南城匠,66,2016-11-01 11:32:22
Select,28,2016-11-01 11:32:26
朱磊跃,46,2016-11-01 11:32:26
NO.ING PRE.VENT,28,2016-11-01 11:32:29
Charles,32,2016-11-01 11:32:33
Howard,44,2016-11-01 11:32:33
王伟杰,28,2016-11-01 11:32:35
lwh,54,2016-11-01 11:32:36
鹏,54,2016-11-01 11:32:37
itsuki酱,12,2016-11-01 11:32:39
Soros Liu🗿,42,2016-11-01 11:32:43
桂城,49,2016-11-01 11:32:50
鬼魂,36,2016-11-01 11:32:51
ltwonders,25,2016-11-01 11:32:53
HEYJ,35,2016-11-01 11:32:55
ECG,34,2016-11-01 11:32:58
阿秋,23,2016-11-01 11:33:02
佳佳,23,2016-11-01 11:33:03
方振华,23,2016-11-01 11:33:03
DIY,73,2016-11-01 11:33:05
Guoping,66,2016-11-01 11:33:07
田田,98,2016-11-01 11:33:09
好像叫广龙,63,2016-11-01 11:33:10
奢侈的年华,65,2016-11-01 11:33:11
Vincent-畅,13,2016-11-01 11:33:11
小雨,23,2016-11-01 11:33:14
吴云强,39,2016-11-01 11:33:17
ayiden哥哥叠😌,26,2016-11-01 11:33:24
Mr.Z,28,2016-11-01 11:33:25
努力的臻瑩,08,2016-11-01 11:33:26
豪,11,2016-11-01 11:33:27
五十步,18,2016-11-01 11:33:29
洪惠,58,2016-11-01 11:33:32
薛浩,15,2016-11-01 11:33:32
我还是猴子,22,2016-11-01 11:33:34
吴炜鑫,84,2016-11-01 11:33:35
李灏,77,2016-11-01 11:33:36
BENGXX,11,2016-11-01 11:33:42
嘿虾米🤓,08,2016-11-01 11:33:42
大圈,76,2016-11-01 11:33:45
江亦凡,32,2016-11-01 11:33:46
Simona🍉,27,2016-11-01 11:33:48
洪旭,20,2016-11-01 11:33:49
坑狐狸de葡萄,11,2016-11-01 11:33:50
李冉,16,2016-11-01 11:33:50
Michael Deng,61,2016-11-01 11:33:50
人来人往,78,2016-11-01 11:33:56
木鱼,21,2016-11-01 11:33:58
ChanY,32,2016-11-01 11:34:00
刘清宇,33,2016-11-01 11:34:01
Anonymous,20,2016-11-01 11:34:02
Ostrich,56,2016-11-01 11:34:05
YW,56,2016-11-01 11:34:06
kysida,43,2016-11-01 11:34:06
Z,33,2016-11-01 11:34:07
BBer,15,2016-11-01 11:34:08
羽。,33,2016-11-01 11:34:10
K,15,2016-11-01 11:34:12
蒋启航,85,2016-11-01 11:34:18
佳航,33,2016-11-01 11:34:18
魏力,58,2016-11-01 11:34:19
hyz,32,2016-11-01 11:34:21
NULL,66,2016-11-01 11:34:25
二向箔,22,2016-11-01 11:34:26
子不语,58,2016-11-01 11:34:38
童兆辉,10,2016-11-01 11:34:40
finale井上,43,2016-11-01 11:34:40
李某,95,2016-11-01 11:34:43
Daap,08,2016-11-01 11:34:51
路明非,24,2016-11-01 11:34:57
陈小山,33,2016-11-01 11:34:57
强凯,48,2016-11-01 11:34:58
刘海天,25,2016-11-01 11:35:00
呼呼小强,76,2016-11-01 11:35:01
梦幻,58,2016-11-01 11:35:04
不可承受之轻,62,2016-11-01 11:35:06
const,11,2016-11-01 11:35:10
海霆,56,2016-11-01 11:35:12
_Cmos,51,2016-11-01 11:35:12
豪情四海远名扬,51,2016-11-01 11:35:15
李响,34,2016-11-01 11:35:16
酉猫丙,49,2016-11-01 11:35:16
邢立文,51,2016-11-01 11:35:17
GEASS,83,2016-11-01 11:35:18
Flkedper,35,2016-11-01 11:35:19
員外,12,2016-11-01 11:35:22
逸风,51,2016-11-01 11:35:31
未命名,02,2016-11-01 11:35:35
贝叶斯,22,2016-11-01 11:35:36
(〃ﾉωﾉ),26,2016-11-01 11:35:45
天涯,93,2016-11-01 11:35:47
Mr施,75,2016-11-01 11:35:56
松烟入墨,63,2016-11-01 11:36:01
z(),01,2016-11-01 11:36:03
伍思恒,34,2016-11-01 11:36:05
李文杰,24,2016-11-01 11:36:06
chenshi,77,2016-11-01 11:36:08
Viru,16,2016-11-01 11:36:09
小泽再一沐♠,21,2016-11-01 11:36:15
李凯,88,2016-11-01 11:36:16
Ti-14,14,2016-11-01 11:36:22
闰土,55,2016-11-01 11:36:23
氪星人 👽,21,2016-11-01 11:36:23
weraw,10,2016-11-01 11:36:26
柯宝,52,2016-11-01 11:36:41
napoleon,23,2016-11-01 11:36:42
Arrow,01,2016-11-01 11:36:46
木鱼子歌,55,2016-11-01 11:36:50
静默,47,2016-11-01 11:36:50
MY,47,2016-11-01 11:36:53
富健,18,2016-11-01 11:36:56
zzir.cn,22,2016-11-01 11:36:56
默默不得语,43,2016-11-01 11:36:57
Li_jiaqi,77,2016-11-01 11:37:07
Z…,10,2016-11-01 11:37:14
袁大头Richard,23,2016-11-01 11:37:19
無言,56,2016-11-01 11:37:21
袁有雷,37,2016-11-01 11:37:21
思怡,12,2016-11-01 11:37:33
吕,23,2016-11-01 11:37:34
张山沟,33,2016-11-01 11:37:35
heng,29,2016-11-01 11:37:36
ruiyi,15,2016-11-01 11:37:40
.,29,2016-11-01 11:37:42
EvilPulsar_Amon,38,2016-11-01 11:37:51
ﺭ并飞了起来ﺭP.S.,53,2016-11-01 11:37:52
雉朝飞兮,10,2016-11-01 11:37:56
巴掌,45,2016-11-01 11:37:56
五毛团长,12,2016-11-01 11:37:57
雨无尽时,23,2016-11-01 11:38:02
小弧光,17,2016-11-01 11:38:04
驴火,16,2016-11-01 11:38:13
天天天向上,47,2016-11-01 11:38:13
Shadow,27,2016-11-01 11:38:15
Jelly_lyj,39,2016-11-01 11:38:15
星尘,21,2016-11-01 11:38:25
k,58,2016-11-01 11:38:27
Aaron,88,2016-11-01 11:38:32
AIIN,35,2016-11-01 11:38:33
刘存展,56,2016-11-01 11:38:33
执迷不悟,52,2016-11-01 11:38:36
厚厚,45,2016-11-01 11:38:37
Low Educated,21,2016-11-01 11:38:45
Dronly,16,2016-11-01 11:38:56
Macro,55,2016-11-01 11:39:00
Orso,09,2016-11-01 11:39:01
张曦,22,2016-11-01 11:39:07
取名字好难,66,2016-11-01 11:39:12
lykyl,17,2016-11-01 11:39:12
我个名叫麦兜,49,2016-11-01 11:39:18
醒,39,2016-11-01 11:39:21
转角撞上墙,31,2016-11-01 11:39:25
弱智儿童欢乐多,25,2016-11-01 11:39:26
唐小唐,90,2016-11-01 11:39:26
强胜,56,2016-11-01 11:39:32
命运之夜,42,2016-11-01 11:39:32
iETop.,99,2016-11-01 11:39:37
珂心,27,2016-11-01 11:39:39
Waters,23,2016-11-01 11:39:44
Dora,52,2016-11-01 11:39:48
璟,42,2016-11-01 11:39:50
飞翔人生,23,2016-11-01 11:39:52
真香山茶行,24,2016-11-01 11:39:52
kioty,82,2016-11-01 11:39:56
李振业,36,2016-11-01 11:40:02
花果山🐒,39,2016-11-01 11:40:06
建业,24,2016-11-01 11:40:10
Lujiax,86,2016-11-01 11:40:12
田德玺,14,2016-11-01 11:40:14
THINK+,29,2016-11-01 11:40:17
TTF,06,2016-11-01 11:40:21
代将来,89,2016-11-01 11:40:22
章洁,44,2016-11-01 11:40:30
C.W.Tang,06,2016-11-01 11:40:33
wade,35,2016-11-01 11:40:36
Eric,29,2016-11-01 11:40:44
邱德松,15,2016-11-01 11:40:50
刘鸿博,25,2016-11-01 11:40:51
尹丕磊,38,2016-11-01 11:40:53
liqiang,36,2016-11-01 11:40:56
墨水心,13,2016-11-01 11:41:00
官 X 洲,56,2016-11-01 11:41:06
let her go的李小永,21,2016-11-01 11:41:14
Lin光胜,48,2016-11-01 11:41:14
六笔的阳,27,2016-11-01 11:41:20
田~IceFox,34,2016-11-01 11:41:21
十亿少女的梦,14,2016-11-01 11:41:23
elegance,27,2016-11-01 11:41:24
Jiang飛,41,2016-11-01 11:41:25
Rancho,24,2016-11-01 11:41:30
东方佳木,79,2016-11-01 11:41:32
陈凯杰,21,2016-11-01 11:41:50
Barry,15,2016-11-01 11:42:02
余博伦,89,2016-11-01 11:42:03
mengy,67,2016-11-01 11:42:05
。,23,2016-11-01 11:42:07
Bright Chen,64,2016-11-01 11:42:08
GUAN,23,2016-11-01 11:42:12
Rex聪,22,2016-11-01 11:42:14
LSA,51,2016-11-01 11:42:16
多比,86,2016-11-01 11:42:23
东北欧巴,76,2016-11-01 11:42:24
dax,99,2016-11-01 11:42:24
驰1st,87,2016-11-01 11:42:24
Stuming,12,2016-11-01 11:42:36
norman,10,2016-11-01 11:42:40
叶枫yeko,36,2016-11-01 11:42:41
HH,19,2016-11-01 11:42:46
Karis Ankedy,28,2016-11-01 11:42:47
恋春,44,2016-11-01 11:42:59
立雪,66,2016-11-01 11:43:06
东南,13,2016-11-01 11:43:13
蘑菇,13,2016-11-01 11:43:15
奶茶,11,2016-11-01 11:43:15
钱多多,99,2016-11-01 11:43:19
大脸猫,58,2016-11-01 11:43:20
Cherish,56,2016-11-01 11:43:22
时间像蜗牛般慢慢爬过,69,2016-11-01 11:43:25
Andy,39,2016-11-01 11:43:26
雨,57,2016-11-01 11:43:29
『老藝术家』傳奇之文藝不復興,05,2016-11-01 11:43:31
Imagine,54,2016-11-01 11:43:31
瑞雪,68,2016-11-01 11:43:33
Amber,78,2016-11-01 11:43:45
弗瑞德鲁伊,67,2016-11-01 11:44:08
英伦大表哥,11,2016-11-01 11:44:18
雾凇er🎸,43,2016-11-01 11:44:26
Raymondc,27,2016-11-01 11:44:28
Zero Killer,36,2016-11-01 11:44:30
winsy,30,2016-11-01 11:44:31
跌碎﹀︿重拾,89,2016-11-01 11:44:39
少年,31,2016-11-01 11:44:40
超线程,82,2016-11-01 11:44:44
周坤淼,20,2016-11-01 11:44:46
水哥,10,2016-11-01 11:44:46
孙启刚,19,2016-11-01 11:44:49
城师,23,2016-11-01 11:44:58
Muzi_Jin,47,2016-11-01 11:45:03
向向,61,2016-11-01 11:45:04
看雪forum,25,2016-11-01 11:45:08
键盘弹肖邦的春树,11,2016-11-01 11:45:10
进击的颜良文丑,45,2016-11-01 11:45:10
李砚池,35,2016-11-01 11:45:18
有暮,48,2016-11-01 11:45:23
一只荣,72,2016-11-01 11:45:27
大海,34,2016-11-01 11:45:32
李磊,69,2016-11-01 11:45:44
板溪,65,2016-11-01 11:45:45
Null,28,2016-11-01 11:45:50
Dragonhard,14,2016-11-01 11:45:55
赖伟,36,2016-11-01 11:45:56
十月小兔,66,2016-11-01 11:46:00
Ice,22,2016-11-01 11:46:00
王其虹,46,2016-11-01 11:46:05
踏歌,28,2016-11-01 11:46:06
Surblise。,22,2016-11-01 11:46:08
Jinwei,73,2016-11-01 11:46:11
CLAY_郑小雪,18,2016-11-01 11:46:12
蔡恒,95,2016-11-01 11:46:12
曙光,25,2016-11-01 11:46:44
bookc,90,2016-11-01 11:46:54
梓檀,88,2016-11-01 11:47:09
小云云不小,85,2016-11-01 11:47:12
国产毛毛虫,23,2016-11-01 11:47:13
无形的风,27,2016-11-01 11:47:14
Pippen,12,2016-11-01 11:47:16
Wang Yong,15,2016-11-01 11:47:19
赖鹏飞,73,2016-11-01 11:47:19
建永,45,2016-11-01 11:47:33
莫名,71,2016-11-01 11:47:35
我不是杨骏,77,2016-11-01 11:47:38
Ant,31,2016-11-01 11:47:54
Sadu,50,2016-11-01 11:48:02
Azad,73,2016-11-01 11:48:06
啊哈HL,55,2016-11-01 11:48:06
老实憨厚的Yy,98,2016-11-01 11:48:17
Runner,23,2016-11-01 11:48:23
xcFelix,98,2016-11-01 11:48:26
程基誉,27,2016-11-01 11:48:29
Chiang_τ,52,2016-11-01 11:48:47
SH,12,2016-11-01 11:48:49
臤远,77,2016-11-01 11:48:50
Tao,05,2016-11-01 11:48:58
Javen Hu,10,2016-11-01 11:48:59
造飛機的工廠,24,2016-11-01 11:49:12
_ShuXin_,75,2016-11-01 11:49:13
＊＊＊＊＊＊＊＊＊＊＊＊＊＊＊＊,51,2016-11-01 11:49:16
Sherry,13,2016-11-01 11:49:33
(๑ت๑)ﾉ ，来，给你变个魔术,08,2016-11-01 11:49:48
鸿昌,65,2016-11-01 11:49:55
闯,10,2016-11-01 11:50:07
浮沉浮尘,53,2016-11-01 11:50:15
TJ,16,2016-11-01 11:50:27
光明汉子,77,2016-11-01 11:50:28
CJ,17,2016-11-01 11:50:30
杨志伟,33,2016-11-01 11:50:37
"嘿, 小颖 ~",47,2016-11-01 11:50:45
Ralph,53,2016-11-01 11:50:55
,77,2016-11-01 11:51:03
黄志强Andrew,50,2016-11-01 11:51:10
杜甫游大山,18,2016-11-01 11:51:27
木头,26,2016-11-01 11:51:30
安锐,25,2016-11-01 11:51:31
Victor Ruan,15,2016-11-01 11:51:44
Mike 徐清文,50,2016-11-01 11:51:46
IQ75,69,2016-11-01 11:51:46
heaven,78,2016-11-01 11:51:52
mayezi,18,2016-11-01 11:51:53
刘涛,36,2016-11-01 11:52:05
4thirteen2one,15,2016-11-01 11:52:09
落落边 ,45,2016-11-01 11:52:12
🙃May,01,2016-11-01 11:52:15
花,17,2016-11-01 11:52:30
熊能,22,2016-11-01 11:52:42
Junshi,81,2016-11-01 11:52:42
Q夏斌,30,2016-11-01 11:52:54
芦苇,21,2016-11-01 11:52:57
Dynamo,18,2016-11-01 11:53:03
吳叔叔啊,24,2016-11-01 11:53:08
王肃,23,2016-11-01 11:53:10
長如夜LL,45,2016-11-01 11:53:45
罗伊,77,2016-11-01 11:53:49
扬,13,2016-11-01 11:53:55
Xinjie Wong,17,2016-11-01 11:54:01
段,91,2016-11-01 11:54:18
浪迹天涯,63,2016-11-01 11:54:39
teresa,79,2016-11-01 11:54:50
答案,15,2016-11-01 11:54:56
fosu醒,66,2016-11-01 11:55:03
l丶kl,23,2016-11-01 11:55:16
陈涛,92,2016-11-01 11:55:18
冯武彤,31,2016-11-01 11:55:33
未几 ,67,2016-11-01 11:56:10
鲁鲲,86,2016-11-01 11:56:11
低吟浅唱,08,2016-11-01 11:56:38
宛超,17,2016-11-01 11:56:52
Lomidely,90,2016-11-01 11:57:00
王晓峰,00,2016-11-01 11:57:02
王小青年,24,2016-11-01 11:57:03
刘一鹤,99,2016-11-01 11:57:15
多拉达克,55,2016-11-01 11:57:22
Toby Qin,86,2016-11-01 11:57:51
Kai,34,2016-11-01 11:58:04
陈X X,22,2016-11-01 11:58:06
张鹏,23,2016-11-01 11:58:08
在路上,33,2016-11-01 11:58:22
車乞,57,2016-11-01 11:58:23
wendy的右先生,28,2016-11-01 11:58:55
流云似海,33,2016-11-01 11:59:05
气场,20,2016-11-01 11:59:08
時生,63,2016-11-01 11:59:10
Michael-JC,89,2016-11-01 11:59:21
cx,41,2016-11-01 11:59:30
张帅欣,05,2016-11-01 11:59:34
砂子,24,2016-11-01 11:59:38
J.,24,2016-11-01 11:59:44
林凯龙,35,2016-11-01 11:59:50
达小草,21,2016-11-01 12:00:11
youmai,29,2016-11-01 12:00:18
Aqus.J.C.,12,2016-11-01 12:00:21
独钓寒江雪,44,2016-11-01 12:00:32
Liu,33,2016-11-01 12:01:02
红色石头,22,2016-11-01 12:01:22
George,45,2016-11-01 12:01:30
刘建业,25,2016-11-01 12:01:42
Soulaity,25,2016-11-01 12:01:43
文,37,2016-11-01 12:01:53
A_齐天大圣,42,2016-11-01 12:01:54
石头,63,2016-11-01 12:01:55
廖诗彬,56,2016-11-01 12:01:59
Baron,82,2016-11-01 12:02:06
啦啦啦啦啦,32,2016-11-01 12:02:15
Import_This,56,2016-11-01 12:02:17
foo,69,2016-11-01 12:02:24
鲁兴龙,34,2016-11-01 12:02:24
弓长土匀隆,59,2016-11-01 12:02:28
xiaohui,68,2016-11-01 12:02:45
趣果有间,11,2016-11-01 12:03:03
yye,78,2016-11-01 12:03:05
张亮,92,2016-11-01 12:03:20
老虎趴趴走,33,2016-11-01 12:03:25
Albert,11,2016-11-01 12:03:28
欧阳,16,2016-11-01 12:04:10
Hank,13,2016-11-01 12:04:30
赵羽飞,53,2016-11-01 12:05:08
阳光树林,23,2016-11-01 12:05:23
闭关中的啊林HenryLin,46,2016-11-01 12:05:37
刘吉豪 && Jerry,18,2016-11-01 12:06:04
杨璐,97,2016-11-01 12:06:12
,36,2016-11-01 12:06:15
育禾苗之土,26,2016-11-01 12:06:19
maisui童鞋,33,2016-11-01 12:06:20
Squirrel,11,2016-11-01 12:07:07
沐雪,56,2016-11-01 12:07:42
刘超,88,2016-11-01 12:07:50
梁天铭,23,2016-11-01 12:08:03
张然,61,2016-11-01 12:08:04
K.B,06,2016-11-01 12:08:12
别墨迹ii,20,2016-11-01 12:08:36
M,17,2016-11-01 12:08:39
DJ,90,2016-11-01 12:08:44
zed,89,2016-11-01 12:08:46
6500,44,2016-11-01 12:09:24
Huayra,86,2016-11-01 12:09:41
richfan,88,2016-11-01 12:09:46
梁凉凉凉凉,25,2016-11-01 12:10:02
Vincent.J,21,2016-11-01 12:10:08
赵喧典,07,2016-11-01 12:10:36
Min,19,2016-11-01 12:10:40
Who,53,2016-11-01 12:10:56
闫真,18,2016-11-01 12:11:18
hope,24,2016-11-01 12:11:48
陶光平,14,2016-11-01 12:11:59
糖水菠萝,66,2016-11-01 12:12:03
Super_Cindy,23,2016-11-01 12:12:10
冰九,77,2016-11-01 12:12:15
高飞雷,66,2016-11-01 12:12:25
TroyMechanic,65,2016-11-01 12:12:46
达明π,66,2016-11-01 12:12:56
利休,42,2016-11-01 12:12:57
Hedgehog,13,2016-11-01 12:13:12
ghui,36,2016-11-01 12:13:26
张恩泽,41,2016-11-01 12:13:57
浮云骑士,93,2016-11-01 12:14:08
连成,72,2016-11-01 12:14:14
111111,23,2016-11-01 12:14:34
,22,2016-11-01 12:14:35
sqps,08,2016-11-01 12:15:10
将森,19,2016-11-01 12:15:18
ft,18,2016-11-01 12:15:21
CarpeDiem ,14,2016-11-01 12:15:32
凉菜,19,2016-11-01 12:15:37
许宇恒,44,2016-11-01 12:15:38
坏人,37,2016-11-01 12:15:55
曾曾曾～,33,2016-11-01 12:16:20
i'm ZL,27,2016-11-01 12:16:32
梵高先生,47,2016-11-01 12:16:51
raytlty,22,2016-11-01 12:17:01
木,24,2016-11-01 12:17:06
杨九爷,37,2016-11-01 12:17:38
x1ah,77,2016-11-01 12:17:38
大懒虫,16,2016-11-01 12:17:52
ks,21,2016-11-01 12:18:03
過眼云烟,06,2016-11-01 12:18:21
落落,26,2016-11-01 12:18:28
wj,11,2016-11-01 12:18:35
薛定谔的猫,56,2016-11-01 12:18:35
Nelson,89,2016-11-01 12:18:43
汤继承,51,2016-11-01 12:18:59
一卡通,86,2016-11-01 12:19:27
zyh,43,2016-11-01 12:20:00
pyclear,67,2016-11-01 12:20:28
fayostyle,77,2016-11-01 12:20:50
luka,35,2016-11-01 12:20:51
德五,57,2016-11-01 12:20:56
Springlin,37,2016-11-01 12:21:19
弯刀,33,2016-11-01 12:21:49
清水斜阳,55,2016-11-01 12:21:50
souleater,35,2016-11-01 12:22:12
潜龙腾渊,26,2016-11-01 12:22:24
xros--liang,48,2016-11-01 12:22:32
疏落的阳光,76,2016-11-01 12:22:36
ANDERS WANG,27,2016-11-01 12:23:09
Guibs,82,2016-11-01 12:23:21
CaryQY,73,2016-11-01 12:24:05
👀,15,2016-11-01 12:24:14
uhayate,25,2016-11-01 12:24:37
小鸡蛋的理想,11,2016-11-01 12:24:42
Chen Bao,25,2016-11-01 12:25:03
壹支火虫,56,2016-11-01 12:25:12
Just_Gan_Ta,63,2016-11-01 12:25:42
GK,85,2016-11-01 12:26:14
李伟琦,20,2016-11-01 12:26:35
Ha-ha,12,2016-11-01 12:26:49
徐寅峰,16,2016-11-01 12:27:03
HowieWang,66,2016-11-01 12:27:05
张江,36,2016-11-01 12:27:29
magia,97,2016-11-01 12:27:32
赵无敌,16,2016-11-01 12:27:34
Alan,00,2016-11-01 12:27:38
嘉木,18,2016-11-01 12:27:43
=☞ 字 孟德  ,75,2016-11-01 12:28:01
西电-李欢,10,2016-11-01 12:28:12
BlingBling~,85,2016-11-01 12:28:36
馕坑烤羊骨,87,2016-11-01 12:28:52
端木赐,21,2016-11-01 12:28:57
叶落,45,2016-11-01 12:29:06
GG,23,2016-11-01 12:29:12
skywalker,68,2016-11-01 12:29:15
阿迷,31,2016-11-01 12:30:03
青峰,31,2016-11-01 12:30:13
SimonChen,45,2016-11-01 12:30:55
老倪,32,2016-11-01 12:31:00
小粽,52,2016-11-01 12:31:07
sunrise,28,2016-11-01 12:31:35
随缘命中の76号,31,2016-11-01 12:32:21
DUO,13,2016-11-01 12:32:26
光华,22,2016-11-01 12:32:42
leon,27,2016-11-01 12:33:04
鸿,85,2016-11-01 12:33:16
zhuanke,37,2016-11-01 12:33:21
dfli,27,2016-11-01 12:33:24
Liberal,24,2016-11-01 12:33:39
蜀道难，难于上青天,44,2016-11-01 12:33:52
web,24,2016-11-01 12:34:04
噹哩个噹,29,2016-11-01 12:34:29
tom165,44,2016-11-01 12:34:30
王金传,50,2016-11-01 12:34:33
yweewd,34,2016-11-01 12:34:38
戴之晨,90,2016-11-01 12:35:26
悟,89,2016-11-01 12:35:41
陈家伟,13,2016-11-01 12:35:53
CI_Knight,12,2016-11-01 12:36:29
什么什么小王子,63,2016-11-01 12:38:18
扬帆起航,22,2016-11-01 12:39:48
 王,74,2016-11-01 12:40:09
Parachutes,56,2016-11-01 12:40:42
不懂,23,2016-11-01 12:40:53
kydcao,77,2016-11-01 12:40:57
小白,35,2016-11-01 12:41:00
roo,28,2016-11-01 12:41:16
黄振东,67,2016-11-01 12:41:49
Green,39,2016-11-01 12:41:57
李佳晨,43,2016-11-01 12:41:58
JiaPan|贾攀,38,2016-11-01 12:42:25
高海伟,65,2016-11-01 12:42:43
草原秃鹰,27,2016-11-01 12:43:19
范小航,57,2016-11-01 12:43:26
流 ︹星,23,2016-11-01 12:43:35
李炜,66,2016-11-01 12:43:36
贾辉,24,2016-11-01 12:43:48
PieLs,44,2016-11-01 12:44:04
阿 鲍,48,2016-11-01 12:44:27
玖色堇,12,2016-11-01 12:44:55
watermelon92,66,2016-11-01 12:45:08
杨武元,18,2016-11-01 12:45:20
冯涛,55,2016-11-01 12:45:21
程阳,20,2016-11-01 12:45:37
路西,81,2016-11-01 12:45:52
阿标,45,2016-11-01 12:45:54
侯轲,23,2016-11-01 12:47:06
smisole,64,2016-11-01 12:47:56
asksay,17,2016-11-01 12:48:09
Thoth,31,2016-11-01 12:48:12
Pecco 安峰,38,2016-11-01 12:49:24
Jason,77,2016-11-01 12:50:21
僵爷,39,2016-11-01 12:50:47
类,25,2016-11-01 12:50:58
Jazpenn,69,2016-11-01 12:51:03
A0罗航宇,16,2016-11-01 12:51:06
陈灿,33,2016-11-01 12:51:57
张协川,66,2016-11-01 12:51:57
Sheldon,33,2016-11-01 12:52:31
FAR。,66,2016-11-01 12:52:39
不贱不散,12,2016-11-01 12:53:07
30,65,2016-11-01 12:53:08
Yq,89,2016-11-01 12:56:38
群众甲,39,2016-11-01 12:56:40
sawyer,17,2016-11-01 12:57:57
比尔,83,2016-11-01 12:58:18
🐘,28,2016-11-01 12:58:41
余吉,13,2016-11-01 12:58:42
SevenKites,38,2016-11-01 12:58:50
西风不瘦,13,2016-11-01 12:59:25
子非鱼,77,2016-11-01 12:59:28
李明朗,77,2016-11-01 12:59:32
元素李,59,2016-11-01 12:59:32
今天有钱买买买了吗？,79,2016-11-01 13:00:00
LightYear,12,2016-11-01 13:00:01
Leo坚de,89,2016-11-01 13:00:02
seastar,90,2016-11-01 13:01:21
Mis,17,2016-11-01 13:01:37
墨文,66,2016-11-01 13:01:48
唐,33,2016-11-01 13:01:48
Alamina,17,2016-11-01 13:02:17
HQ数字卡,25,2016-11-01 13:02:27
别开枪我是黎睿,44,2016-11-01 13:03:37
多吃水果多喝水,66,2016-11-01 13:03:37
GuoZi,21,2016-11-01 13:03:54
C,80,2016-11-01 13:05:28
肉包在哪里,16,2016-11-01 13:05:47
乂小鸭子,47,2016-11-01 13:09:07
Qt:),91,2016-11-01 13:10:04
Justin.R,11,2016-11-01 13:10:53
明仁,24,2016-11-01 13:10:58
东皇太一,32,2016-11-01 13:11:13
Cc~mingli,48,2016-11-01 13:11:14
fighting,65,2016-11-01 13:11:26
袁龙威,71,2016-11-01 13:11:51
kidace,21,2016-11-01 13:11:55
行者,99,2016-11-01 13:12:03
柳超,04,2016-11-01 13:12:10
找自己,51,2016-11-01 13:12:19
ruinnight,32,2016-11-01 13:12:22
xunger-小一辈无产阶级攻城狮,73,2016-11-01 13:13:27
傻福,25,2016-11-01 13:13:43
Yonthon,34,2016-11-01 13:14:14
闫亚虎,33,2016-11-01 13:14:14
Llh(Roger),36,2016-11-01 13:14:52
Kaiden,23,2016-11-01 13:15:36
张率琪,62,2016-11-01 13:15:51
。。。,32,2016-11-01 13:17:02
oO小幸福Oo,79,2016-11-01 13:17:03
我甜蜜的胡椒地,33,2016-11-01 13:17:17
G.K.,48,2016-11-01 13:19:26
wanggxxgg,52,2016-11-01 13:19:53
不需要脆弱的伪装,45,2016-11-01 13:20:15
Song,56,2016-11-01 13:21:32
寡言人,27,2016-11-01 13:22:14
岳艳涛,00,2016-11-01 13:22:30
Maria,41,2016-11-01 13:23:28
墨梅余香,23,2016-11-01 13:26:53
sholong,62,2016-11-01 13:27:42
董晓海,77,2016-11-01 13:28:10
没司机斯基,21,2016-11-01 13:29:59
痕。,24,2016-11-01 13:30:21
从波,20,2016-11-01 13:30:28
Kelvin,61,2016-11-01 13:30:33
Mr·F,76,2016-11-01 13:31:00
若水清菡,59,2016-11-01 13:31:20
蜗牛,34,2016-11-01 13:32:48
卫亚龙,66,2016-11-01 13:33:20
redcoin,39,2016-11-01 13:33:37
Stefan,07,2016-11-01 13:34:13
👻,89,2016-11-01 13:34:51
照山河,96,2016-11-01 13:35:15
笨笨酱|(￣3￣)|,95,2016-11-01 13:35:28
辉煌,11,2016-11-01 13:36:19
AE,45,2016-11-01 13:36:31
Bazinga!,43,2016-11-01 13:36:31
NiceCarder,47,2016-11-01 13:38:16
小鱼,68,2016-11-01 13:39:04
i_不忘初心,48,2016-11-01 13:39:34
123,57,2016-11-01 13:40:42
Li•Sugar,65,2016-11-01 13:41:14
宏杰,64,2016-11-01 13:41:51
邓晓博,13,2016-11-01 13:41:54
何海,38,2016-11-01 13:42:52
乌金,13,2016-11-01 13:43:43
明天大哥,87,2016-11-01 13:44:42
sham-rock,78,2016-11-01 13:45:43
x,54,2016-11-01 13:46:01
鑫爷,40,2016-11-01 13:46:24
你好哇,88,2016-11-01 13:47:11
感，觉,73,2016-11-01 13:47:58
刘嘉晖,69,2016-11-01 13:51:25
今天忘吃饭,56,2016-11-01 13:51:25
阿娇,12,2016-11-01 13:52:49
Stress,24,2016-11-01 13:53:30
碧锋,18,2016-11-01 13:54:18
奈落,21,2016-11-01 13:55:03
张伦,84,2016-11-01 13:55:57
墨色竹青,53,2016-11-01 13:57:14
re,49,2016-11-01 13:59:30
Lyncent,00,2016-11-01 14:00:28
创客小白,66,2016-11-01 14:01:29
周立平,39,2016-11-01 14:03:26
枫吹过的夏天,65,2016-11-01 14:04:05
指尖有梦,57,2016-11-01 14:04:30
程程,90,2016-11-01 14:07:17
独步,67,2016-11-01 14:07:29
Seymour,11,2016-11-01 14:08:52
灰熊,19,2016-11-01 14:09:04
fengLiu,31,2016-11-01 14:09:14
Dragon,58,2016-11-01 14:09:33
nogood,66,2016-11-01 14:09:36
蓑衣艄公,04,2016-11-01 14:10:18
在下酱油君,44,2016-11-01 14:10:30
潘运来,14,2016-11-01 14:10:32
维,68,2016-11-01 14:13:19
张巍,23,2016-11-01 14:13:25
ltns,13,2016-11-01 14:13:45
허수아비,11,2016-11-01 14:15:03
Stupid Xu,14,2016-11-01 14:15:47
小昔_,77,2016-11-01 14:16:13
生命不息，奋斗不止,8,2016-11-01 14:16:45
Chris,47,2016-11-01 14:19:06
鹰视能效.朱育志.13702658671,19,2016-11-01 14:20:02
半夜一声笑,75,2016-11-01 14:20:05
孙成雄,68,2016-11-01 14:20:54
ych,88,2016-11-01 14:21:59
姚江科,01,2016-11-01 14:22:42
马尾的木头,16,2016-11-01 14:24:23
林林3,68,2016-11-01 14:24:52
walc,24,2016-11-01 14:24:58
小川狠重要,80,2016-11-01 14:25:46
天水,80,2016-11-01 14:25:57
xff,43,2016-11-01 14:26:34
衣轻裘,71,2016-11-01 14:31:51
木子不语_,73,2016-11-01 14:32:12
墨镜大头,28,2016-11-01 14:32:16
DDD,68,2016-11-01 14:34:52
林肯先生,78,2016-11-01 14:35:59
~,54,2016-11-01 14:38:19
胖胖管,56,2016-11-01 14:38:50
min_los,26,2016-11-01 14:39:23
不吃🌶的南方人,23,2016-11-01 14:39:53
✨喵喵咪呀✨,82,2016-11-01 14:41:32
Choice丶,30,2016-11-01 14:41:47
tree,54,2016-11-01 14:44:46
追火车,96,2016-11-01 14:47:02
熊欣,49,2016-11-01 14:50:25
沛神,34,2016-11-01 14:51:33
dc0453,43,2016-11-01 14:51:37
zhao,57,2016-11-01 14:53:00
小侬,31,2016-11-01 14:53:02
⚡️一代宗师黄灰红,20,2016-11-01 14:53:35
י然后消失了י忽然,88,2016-11-01 14:55:07
岂不如折花入酒,24,2016-11-01 14:55:34
Ian,72,2016-11-01 15:00:58
宋江,66,2016-11-01 15:03:07
星辰,77,2016-11-01 15:03:34
络合雪,23,2016-11-01 15:05:27
like a dog chasing cars丶,96,2016-11-01 15:06:03
BeLikeMike,73,2016-11-01 15:07:12
向日葵🌻,36,2016-11-01 15:09:20
TBCCC,77,2016-11-01 15:10:55
献花仙子,69,2016-11-01 15:12:55
Blalalt,31,2016-11-01 15:13:00
Tiger@施寅杰,34,2016-11-01 15:13:53
可乐,37,2016-11-01 15:16:37
YOU,99,2016-11-01 15:17:10
守望,95,2016-11-01 15:17:19
凌空摘星,41,2016-11-01 15:17:41
张 Jay,25,2016-11-01 15:18:05
张奇,53,2016-11-01 15:19:22
王任,64,2016-11-01 15:22:27
南夕子,12,2016-11-01 15:30:07
清风#,19,2016-11-01 15:31:34
王立杰,34,2016-11-01 15:31:45
雷子,86,2016-11-01 15:32:28
Euclid,36,2016-11-01 15:39:05
陈晨,88,2016-11-01 15:40:28
空念,54,2016-11-01 15:41:43
踢丘比特一脚,85,2016-11-01 15:42:39
小明明,33,2016-11-01 15:44:52
MAG,11,2016-11-01 15:45:24
不伦也不类,34,2016-11-01 15:50:52
Prince,22,2016-11-01 15:51:28
NONAME,56,2016-11-01 15:51:42
穿短靴的吖飓,19,2016-11-01 15:54:46
海恩,12,2016-11-01 15:56:55
KiOnG,53,2016-11-01 15:57:17
淡淡和浅浅,58,2016-11-01 15:57:25
taoisterm,38,2016-11-01 15:59:26
凯,38,2016-11-01 16:02:09
空白格,59,2016-11-01 16:02:35
break,76,2016-11-01 16:02:45
Nothing,86,2016-11-01 16:03:13
郑旭涛,29,2016-11-01 16:07:04
乌梦游,05,2016-11-01 16:07:20
杨广钊,96,2016-11-01 16:08:01
堃♯Kain♯某瓜,64,2016-11-01 16:10:03
李平,66,2016-11-01 16:11:50
GatoL,25,2016-11-01 16:13:43
错了而已,66,2016-11-01 16:14:06
Zirack,77,2016-11-01 16:14:42
"- Happyness ,",14,2016-11-01 16:17:22
宋高法,20,2016-11-01 16:22:10
-_-||,09,2016-11-01 16:22:15
∂i,13,2016-11-01 16:29:33
Lunar Lullaby✩,54,2016-11-01 16:29:55
冯春永,22,2016-11-01 16:30:00
郝洲,22,2016-11-01 16:35:55
WuHao,50,2016-11-01 16:36:13
邵志刚,66,2016-11-01 16:37:13
寻水的鱼,72,2016-11-01 16:38:58
Irving,28,2016-11-01 16:40:58
小绝影,46,2016-11-01 16:41:39
Anor,86,2016-11-01 16:48:29
一条大河,97,2016-11-01 16:51:01
时光,32,2016-11-01 16:52:09
王金雷,36,2016-11-01 17:00:01
IcySun,86,2016-11-01 17:03:14
吱,89,2016-11-01 17:07:46
李可可,50,2016-11-01 17:09:40
小陈,33,2016-11-01 17:11:06
🐑羊羔🐑,07,2016-11-01 17:11:35
bstrger,50,2016-11-01 17:12:42
lanyi,41,2016-11-01 17:18:25
玉米,11,2016-11-01 17:19:34
王朴柱,18,2016-11-01 17:23:25
levychang,24,2016-11-01 17:25:49
老碧,69,2016-11-01 17:26:15
٩(●˙ε˙●)۶,66,2016-11-01 17:33:16
Destiny丶,99,2016-11-01 17:36:05
Draachen,28,2016-11-01 17:39:32
帕格里亚齐,40,2016-11-01 17:44:50
郭志勇,32,2016-11-01 17:44:57
于志涛,56,2016-11-01 17:47:21
fanc,66,2016-11-01 17:56:29
大斗田,30,2016-11-01 17:56:34
徐佳诚,37,2016-11-01 17:57:09
玛德之杖,02,2016-11-01 17:58:41
开坦克的贝塔,18,2016-11-01 17:59:19
和鱼儿一起睡,28,2016-11-01 18:01:21
彬彬有礼,35,2016-11-01 18:03:01
断线纸鸢,23,2016-11-01 18:12:49
R.,55,2016-11-01 18:14:28
坤仔👑,56,2016-11-01 18:17:58
ccf,36,2016-11-01 18:23:12
梅景,44,2016-11-01 18:29:15
helili,33,2016-11-01 18:30:25
August,18,2016-11-01 18:31:00
对方正在输入…,42,2016-11-01 18:33:52
air,32,2016-11-01 18:35:24
波波,09,2016-11-01 18:35:47
sky2013lang,18,2016-11-01 18:36:04
秦岭,64,2016-11-01 18:36:42
GYP,29,2016-11-01 18:39:37
高悦凯,58,2016-11-01 18:40:48
星源13288416652,35,2016-11-01 18:46:22
Desire,26,2016-11-01 18:48:53
北方的芒果树,32,2016-11-01 18:51:40
老唐,68,2016-11-01 18:57:15
Alex,25,2016-11-01 19:00:15
周维宇,39,2016-11-01 19:00:48
平凡,75,2016-11-01 19:02:09
Zheng,58,2016-11-01 19:07:54
小伍,85,2016-11-01 19:11:18
JustDoIT,11,2016-11-01 19:12:38
Eric hu,56,2016-11-01 19:17:20
滴达不溜,09,2016-11-01 19:24:33
彬仔,65,2016-11-01 19:34:44
DreamThere,21,2016-11-01 19:35:47
OYX,29,2016-11-01 19:41:03
VinCiOo,88,2016-11-01 19:43:43
Jeff Chan,72,2016-11-01 19:45:17
我叫木易杨,59,2016-11-01 19:54:08
xz,25,2016-11-01 19:55:34
冬青,86,2016-11-01 20:03:47
酷炫的昵称都是无效的,85,2016-11-01 20:08:06
刘鹿尤,32,2016-11-01 20:10:17
冥王星,13,2016-11-01 20:12:52
Peter程,40,2016-11-01 20:16:39
劉盾,11,2016-11-01 20:18:26
李志东,37,2016-11-01 20:24:06
非离,67,2016-11-01 20:27:51
ziray,31,2016-11-01 20:32:04
那一年,37,2016-11-01 20:37:19
0xE94D,26,2016-11-01 21:13:05
林聪-汉威研究院,66,2016-11-01 21:14:28
李老干部,22,2016-11-01 21:26:14
zq,77,2016-11-01 21:34:31
para,37,2016-11-01 21:43:38
未闻,95,2016-11-01 21:48:15
   ,00,2016-11-01 21:52:04
昨夜风吹,53,2016-11-01 21:56:15
满天星辰,78,2016-11-01 21:58:14
邓媚,18,2016-11-01 22:02:10
Loading……,55,2016-11-01 22:11:06
王玉鹏,11,2016-11-01 22:12:01
政,23,2016-11-01 22:21:49
Cer,53,2016-11-01 22:35:28
I.G.,21,2016-11-01 22:50:01
李丛,56,2016-11-01 22:51:37
江湖梦。,55,2016-11-01 22:59:21
龙,29,2016-11-01 23:35:12
任俊杰,50,2016-11-01 23:43:05
王晨璐,66,2016-11-01 23:49:42
M_Kepler,73,2016-11-02 00:06:04
星星空。,99,2016-11-02 00:09:15
小沱茶007,19,2016-11-02 00:13:09
沐风,15,2016-11-02 00:18:23
海濑11号,22,2016-11-02 00:27:07
东隅残雪,13,2016-11-02 00:27:54
简单,47,2016-11-02 01:03:21
张甲兴,22,2016-11-02 01:05:06
天山来客4321,01,2016-11-02 01:10:56
卖种子的小女孩,24,2016-11-02 01:13:46
扬扬-TUO,87,2016-11-02 03:45:59
剪羊毛君,89,2016-11-02 06:56:07
ou71i3r,13,2016-11-02 07:04:14
一直走,48,2016-11-02 07:04:16
让生活继续,11,2016-11-02 07:31:34
打棒球的两米粒,93,2016-11-02 07:49:48
旷修,68,2016-11-02 07:58:19
陈超,11,2016-11-02 08:00:16
林璋,66,2016-11-02 08:16:41
db Man,26,2016-11-02 08:19:46
刘俊,23,2016-11-02 08:27:07
极地,49,2016-11-02 08:50:33
北方向北,99,2016-11-02 09:21:40
solo,18,2016-11-02 09:26:25
贤贤易色,21,2016-11-02 09:30:43
PJieei,83,2016-11-02 09:42:24
～Wing～,21,2016-11-02 10:14:44
蒋展鹏,47,2016-11-02 10:54:58
谭文淳,68,2016-11-02 11:11:49
OYYZ,89,2016-11-02 11:23:18
刚刚好,47,2016-11-02 11:46:45
Hsingfa,30,2016-11-02 11:48:40
Jod,58,2016-11-02 11:50:29
小歪,86,2016-11-02 11:50:29
毛杰,14,2016-11-02 11:50:36
曹伟,88,2016-11-02 11:50:57
^_^,28,2016-11-02 11:54:23
老爹,21,2016-11-02 11:57:08
毛瑞,23,2016-11-02 11:59:11
神仙,41,2016-11-02 12:07:05
崔北,58,2016-11-02 12:10:27
小蜜蜂,36,2016-11-02 12:12:27
Paul_joy,77,2016-11-02 12:16:25
德雷克,46,2016-11-02 12:18:14
大盗贼,98,2016-11-02 12:21:22
wu,36,2016-11-02 12:25:30
张艳,88,2016-11-02 12:39:54
若愚小帅,27,2016-11-02 12:44:32
伸手去碰触,45,2016-11-02 12:59:50
Corallian,33,2016-11-02 13:02:21
嘉明,86,2016-11-02 13:05:30
楞伽山人,28,2016-11-02 13:06:45
乔帮主,23,2016-11-02 13:13:48
mxcz,26,2016-11-02 13:13:54
和风暖林,22,2016-11-02 13:15:22
纵振,89,2016-11-02 13:23:55
爱嘉THREE,21,2016-11-02 14:37:16
淼鑫,98,2016-11-02 14:41:44
向南,79,2016-11-02 14:53:35
ART｜原艺少儿美学,22,2016-11-02 15:25:11
大灰狼,23,2016-11-02 15:43:07
unicorn,52,2016-11-02 16:42:17
薛志祥,05,2016-11-02 16:58:31
Chasel,91,2016-11-02 16:58:51
周天翔,51,2016-11-02 17:00:41
we1we1,07,2016-11-02 19:11:32
奇迹,50,2016-11-02 19:39:46
叶婧芸🌃🐳☁,14,2016-11-02 22:43:45
战神,11,2016-11-02 22:58:43
烨,09,2016-11-02 23:07:29
喜子,37,2016-11-03 06:37:39
曺先森的花小姐,33,2016-11-03 09:29:35
没事儿看看书,57,2016-11-03 09:42:21
賈(Jia),08,2016-11-03 10:26:35
两个太阳,39,2016-11-03 11:44:15
ātma-grāha,56,2016-11-03 12:53:01
unipx-Yang,37,2016-11-03 13:03:16
dafu_john,56,2016-11-03 15:07:56
т信念,56,2016-11-03 16:12:19
Linsir,18,2016-11-03 16:49:27
王帅,45,2016-11-03 17:29:30
Zachary,36,2016-11-03 18:19:18
风雨,37,2016-11-03 19:36:51
Oliver,23,2016-11-03 20:04:17
鱼强,13,2016-11-03 21:18:59
皮夹克,25,2016-11-03 21:20:01
Jimmy,26,2016-11-03 21:35:33
CY,55,2016-11-03 23:17:26
林溪,40,2016-11-03 23:26:27
sunkui,16,2016-11-03 23:52:19