我用双手成就你的梦想,13,2016-12-05 12:01:14
塔塔,69,2016-12-05 12:02:52
找自己,77,2016-12-05 12:02:56
李灏,45,2016-12-05 12:02:58
叶随风,72,2016-12-05 12:03:21
Low Educated,21,2016-12-05 12:03:23
noth,24,2016-12-05 12:03:37
Θ..Θ,16,2016-12-05 12:03:42
林璋,20,2016-12-05 12:03:45
郭泰彪,50,2016-12-05 12:03:55
凉凉凉凉凉,28,2016-12-05 12:03:59
嘉木,18,2016-12-05 12:04:09
Zach🙃,63,2016-12-05 12:04:36
蜀道难，难于上青天,66,2016-12-05 12:04:42
Root,77,2016-12-05 12:06:56
xff,46,2016-12-05 12:07:04
lwh,02,2016-12-05 12:07:35
Q+,77,2016-12-05 12:08:06
4thirteen2one,15,2016-12-05 12:08:41
和鱼儿一起睡,86,2016-12-05 12:09:30
辉煌,26,2016-12-05 12:10:10
流云似海,51,2016-12-05 12:10:18
超线程,54,2016-12-05 12:10:22
Lilrock,48,2016-12-05 12:11:11
Nore Liang,29,2016-12-05 12:11:32
旗小号,62,2016-12-05 12:12:30
scorprion,25,2016-12-05 12:12:42
云,47,2016-12-05 12:13:42
91,91,2016-12-05 12:13:45
弓长土匀隆,32,2016-12-05 12:13:56
leon,27,2016-12-05 12:15:24
A_齐天大圣,86,2016-12-05 12:15:31
smisole,35,2016-12-05 12:15:33
秋,28,2016-12-05 12:16:15
爱笑的男生不会差,27,2016-12-05 12:16:22
赵喧典,07,2016-12-05 12:16:37
林肯先生,77,2016-12-05 12:17:10
邱德松,55,2016-12-05 12:17:22
江亦凡,65,2016-12-05 12:17:28
👻,10,2016-12-05 12:17:50
Mr.,56,2016-12-05 12:18:03
Green Lantern,67,2016-12-05 12:18:22
will,55,2016-12-05 12:18:31
Ralph,42,2016-12-05 12:18:34
liqiang,36,2016-12-05 12:19:46
LSA,51,2016-12-05 12:20:11
星辰,18,2016-12-05 12:20:39
小樱Mary,58,2016-12-05 12:22:42
maisui童鞋,34,2016-12-05 12:22:50
Albert,45,2016-12-05 12:25:08
Muzi_Jin,88,2016-12-05 12:26:17
吴凡,20,2016-12-05 12:26:33
wu,13,2016-12-05 12:28:12
董松,11,2016-12-05 12:28:22
后知淡然 🐲,39,2016-12-05 12:29:01
沛神,30,2016-12-05 12:29:13
111111,19,2016-12-05 12:29:21
快点小伙子,34,2016-12-05 12:29:27
芦苇微微,37,2016-12-05 12:30:01
change,18,2016-12-05 12:30:30
'Reo,22,2016-12-05 12:30:31
北宁,77,2016-12-05 12:31:33
Alpha X,66,2016-12-05 12:32:57
张鹏,18,2016-12-05 12:33:43
利休,89,2016-12-05 12:34:44
缪,32,2016-12-05 12:34:49
Dark universe,78,2016-12-05 12:35:30
峻菁,11,2016-12-05 12:38:19
大魔王,73,2016-12-05 12:39:03
痕。,31,2016-12-05 12:39:51
zidy,87,2016-12-05 12:39:59
薛定谔的猫,25,2016-12-05 12:41:10
罗伊,37,2016-12-05 12:41:25
YOLOO_o,23,2016-12-05 12:42:44
Seymour,74,2016-12-05 12:45:50
AYUMI,42,2016-12-05 12:46:27
Young,33,2016-12-05 12:46:59
我个名叫麦兜,24,2016-12-05 12:48:56
皮夹克,50,2016-12-05 12:53:43
Lomidely,45,2016-12-05 12:53:49
lt,11,2016-12-05 13:01:56
Soulaity,25,2016-12-05 13:03:00
张磊(大水牛),05,2016-12-05 13:04:08
岳艳涛,93,2016-12-05 13:05:09
小白白,36,2016-12-05 13:06:33
Who,53,2016-12-05 13:08:45
LightYear,12,2016-12-05 13:12:02
👣,33,2016-12-05 13:12:12
郑、小天。,18,2016-12-05 13:12:14
芝麻,28,2016-12-05 13:14:30
李伟琦,22,2016-12-05 13:15:58
oO小幸福Oo,36,2016-12-05 13:16:37
like a dog chasing cars丶,24,2016-12-05 13:16:53
墨色竹青,63,2016-12-05 13:17:11
lg,71,2016-12-05 13:22:51
花果山🐒,39,2016-12-05 13:29:36
气场,20,2016-12-05 13:33:34
Andy韩明,24,2016-12-05 13:35:31
henghenghahei,23,2016-12-05 13:36:51
eVBdk4i15uMilan,45,2016-12-05 13:39:02
群众甲,30,2016-12-05 13:54:50
Null,89,2016-12-05 13:57:49
苏超然,83,2016-12-05 13:59:17
fighting,68,2016-12-05 14:01:18
大海,23,2016-12-05 14:02:59
半瓯紫砂,32,2016-12-05 14:04:51
鹰视能效.朱育志.13702658671,19,2016-12-05 14:06:38
英伦大表哥,23,2016-12-05 14:07:13
小小小邓,56,2016-12-05 14:07:35
zhu⊙ω⊙yi,65,2016-12-05 14:08:49
lanyi,64,2016-12-05 14:09:21
roo,35,2016-12-05 14:12:06
可乐,43,2016-12-05 14:16:46
陈硕,77,2016-12-05 14:23:01
张协川,55,2016-12-05 14:38:31
wuzb,66,2016-12-05 14:41:33
break,75,2016-12-05 14:42:50
●﹏●,11,2016-12-05 14:43:23
远哥制造,50,2016-12-05 14:43:34
全蛋,86,2016-12-05 14:44:10
闫真,29,2016-12-05 14:47:47
男张,55,2016-12-05 14:53:31
Grom,61,2016-12-05 14:55:34
炎天直下,35,2016-12-05 14:57:47
知猪瞎,05,2016-12-05 15:01:13
Chasel,37,2016-12-05 15:02:01
张亮,64,2016-12-05 15:07:33
GuestChen,79,2016-12-05 15:20:43
行与走,54,2016-12-05 15:25:15
应舟陶,73,2016-12-05 15:36:49
Euclid,18,2016-12-05 15:37:15
DUO,24,2016-12-05 15:50:08
唐晓霆 Jason,25,2016-12-05 15:52:23
SimonChen,67,2016-12-05 15:54:12
聪,59,2016-12-05 15:54:17
zayng,12,2016-12-05 16:13:34
周志,11,2016-12-05 16:20:25
倒计时,25,2016-12-05 16:34:53
吴优,55,2016-12-05 16:40:14
追梦人物,77,2016-12-05 16:41:10
伤寒明理论,11,2016-12-05 17:00:27
吴奇驴,34,2016-12-05 17:02:39
李振东,58,2016-12-05 17:19:57
不忘初心,25,2016-12-05 17:22:47
Leng,64,2016-12-05 17:46:55
林林3,37,2016-12-05 17:48:08
Mr·Wind,33,2016-12-05 18:03:48
称心,23,2016-12-05 18:24:18
杨九爷,37,2016-12-05 18:31:07
GG,43,2016-12-05 18:43:03
凌空摘星,41,2016-12-05 19:07:42
Tao,21,2016-12-05 19:21:38
Walker,15,2016-12-05 19:23:51
乔四爷,36,2016-12-05 19:28:57
ruby,28,2016-12-05 20:08:58
阿庆,54,2016-12-05 20:20:07
盛世繁华,23,2016-12-05 20:26:24
国产毛毛虫,23,2016-12-05 21:43:00
久未惹尘埃,36,2016-12-05 22:16:00
啦啦哈哈啊呢,58,2016-12-05 22:18:27
KiOnG,53,2016-12-05 22:52:12
re,89,2016-12-05 22:58:19
李某,15,2016-12-05 23:12:03
db Man,16,2016-12-05 23:33:19
Zirack,77,2016-12-06 00:21:05
奇迹,38,2016-12-06 08:35:48
Dronly,88,2016-12-06 09:31:00
星星空。,28,2016-12-06 10:02:05
大大来了,66,2016-12-06 10:43:46
Nova,30,2016-12-06 10:54:49
青春年华,35,2016-12-06 11:11:09
奇点创客,32,2016-12-06 11:54:47
Prince,22,2016-12-06 11:59:53
陈凯杰,33,2016-12-06 12:01:44
其实我是一块水煮鱼,13,2016-12-06 12:02:02
Lenny,27,2016-12-06 12:02:05
同程郭瑞山,18,2016-12-06 12:02:48
李志东,12,2016-12-06 12:03:37
"- Happyness ,",86,2016-12-06 12:03:46
纪明磊,07,2016-12-06 12:03:57
臧阔,93,2016-12-06 12:04:03
yz,44,2016-12-06 12:04:28
呼呼小强,38,2016-12-06 12:04:37
偷影子的人,67,2016-12-06 12:05:36
赵子云,76,2016-12-06 12:05:58
刘丽辉,16,2016-12-06 12:06:19
😋😋,66,2016-12-06 12:06:37
kycool,88,2016-12-06 12:06:42
Arnold,14,2016-12-06 12:06:55
我是一条龙,42,2016-12-06 12:06:57
。,38,2016-12-06 12:07:40
YXY,28,2016-12-06 12:08:00
懶猴 👻,13,2016-12-06 12:08:59
六笔的阳,12,2016-12-06 12:09:08
Duane,66,2016-12-06 12:10:29
啦啦啦啦啦,66,2016-12-06 12:10:35
一支大熊猫,64,2016-12-06 12:10:59
消逝不在,03,2016-12-06 12:11:31
许宇恒,44,2016-12-06 12:11:36
刘鹿尤,10,2016-12-06 12:11:44
官 X 洲,54,2016-12-06 12:11:49
insomnium,27,2016-12-06 12:12:19
刘艺华,09,2016-12-06 12:12:49
time,66,2016-12-06 12:12:59
YJ,78,2016-12-06 12:13:14
驰1st,66,2016-12-06 12:13:34
老爹,24,2016-12-06 12:13:51
寻_FIND,15,2016-12-06 12:14:16
smiley,53,2016-12-06 12:16:13
Rainy,47,2016-12-06 12:16:44
Soros Liu🗿,42,2016-12-06 12:17:20
🍌,12,2016-12-06 12:18:04
CI_Knight,23,2016-12-06 12:19:57
WINGS,17,2016-12-06 12:20:33
微微🎈,18,2016-12-06 12:21:09
默默不得语,43,2016-12-06 12:22:48
风声在耳,39,2016-12-06 12:23:32
BlingBling~,55,2016-12-06 12:24:33
左手,11,2016-12-06 12:26:00
fanc,22,2016-12-06 12:26:35
cc,22,2016-12-06 12:27:45
默苍离,23,2016-12-06 12:28:20
Lee,13,2016-12-06 12:29:40
刘嘉晖,69,2016-12-06 12:29:41
Charles,29,2016-12-06 12:29:42
不吃🌶的南方人,47,2016-12-06 12:29:49
Error,89,2016-12-06 12:30:42
X6,65,2016-12-06 12:31:04
Amber,33,2016-12-06 12:32:04
Mirror...,73,2016-12-06 12:32:29
ayiden哥哥叠😌,26,2016-12-06 12:32:58
Nothing,3,2016-12-06 12:34:10
Gretel♥ly,07,2016-12-06 12:35:11
毛瑞,86,2016-12-06 12:37:26
广羽人三,1,2016-12-06 12:38:46
意群,24,2016-12-06 12:39:54
程基誉,78,2016-12-06 12:40:58
月临何,99,2016-12-06 12:43:04
//null,38,2016-12-06 12:43:37
喵喵咪呀,27,2016-12-06 12:47:58
richfan,29,2016-12-06 12:48:46
晴天,42,2016-12-06 12:55:39
Mr.Chi,21,2016-12-06 12:55:47
gudda,42,2016-12-06 12:57:24
墨梅余香,24,2016-12-06 13:02:00
星野,50,2016-12-06 13:02:22
朱磊跃,64,2016-12-06 13:03:32
Springlin,36,2016-12-06 13:04:24
wade,28,2016-12-06 13:05:02
Karis Ankedy,13,2016-12-06 13:05:10
Chris,28,2016-12-06 13:05:13
Thoth,59,2016-12-06 13:10:43
李圣杰,63,2016-12-06 13:10:50
heng,22,2016-12-06 13:10:54
大牙码特,52,2016-12-06 13:12:30
陈洪达,10,2016-12-06 13:12:38
华尔兹,14,2016-12-06 13:13:25
连成,47,2016-12-06 13:13:28
dnamོ fool,25,2016-12-06 13:14:05
CharlW,89,2016-12-06 13:14:38
热咖啡,5,2016-12-06 13:14:44
案前独忆灯明灭,31,2016-12-06 13:14:58
比尔,18,2016-12-06 13:15:15
i'm ZL,27,2016-12-06 13:15:27
sunny,55,2016-12-06 13:15:35
杜建平,63,2016-12-06 13:16:48
unipx-Yang,81,2016-12-06 13:18:20
根根,25,2016-12-06 13:20:00
海岸,25,2016-12-06 13:20:54
刘佩,07,2016-12-06 13:21:04
杨瀚,19,2016-12-06 13:23:20
李,88,2016-12-06 13:24:54
国民女婿,7,2016-12-06 13:26:15
绝世好剑,23,2016-12-06 13:28:20
行时走光,28,2016-12-06 13:37:00
M,53,2016-12-06 13:39:53
Huayra,86,2016-12-06 13:40:28
newage♬,18,2016-12-06 13:44:41
时光trap,13,2016-12-06 13:46:02
www,37,2016-12-06 13:47:39
我不是杨骏,17,2016-12-06 13:51:03
岳强,17,2016-12-06 13:53:00
bookc,08,2016-12-06 13:57:03
Rico,59,2016-12-06 13:57:07
HowieWang,11,2016-12-06 13:57:12
喔喔,21,2016-12-06 14:00:24
不懂,16,2016-12-06 14:01:11
邱宇欣,99,2016-12-06 14:03:08
试证明…,43,2016-12-06 14:03:35
KingMango,07,2016-12-06 14:16:30
行者小月,72,2016-12-06 14:18:30
QUASIMODO,25,2016-12-06 14:21:34
王天赐,54,2016-12-06 14:24:43
i_不忘初心,25,2016-12-06 14:30:47
维,63,2016-12-06 14:37:19
Blalalt,31,2016-12-06 14:39:59
上揲阮乐,69,2016-12-06 14:40:51
飞龙🍁。,53,2016-12-06 14:40:55
sham-rock,66,2016-12-06 14:44:41
先生,22,2016-12-06 14:51:20
余生,33,2016-12-06 14:52:34
糖医生,11,2016-12-06 14:55:51
行意吾往,91,2016-12-06 15:00:23
李宇,7,2016-12-06 15:00:38
魏春山,33,2016-12-06 15:06:31
GatoL,78,2016-12-06 15:07:07
dc0453,43,2016-12-06 15:23:39
jackyren,53,2016-12-06 15:27:14
长枪依在,56,2016-12-06 15:29:18
Main函数,36,2016-12-06 15:31:12
李莫,24,2016-12-06 15:32:08
嘴嘴,23,2016-12-06 15:33:44
 zzir,24,2016-12-06 15:37:31
PieLs,7,2016-12-06 15:44:51
上上签,69,2016-12-06 15:49:00
💀 千里千寻 🔫,58,2016-12-06 15:49:22
Neo👾,24,2016-12-06 15:56:20
小龙,44,2016-12-06 16:00:14
samwon,27,2016-12-06 16:04:11
又下雨了,23,2016-12-06 16:16:25
Drowning Fish,21,2016-12-06 16:21:16
缘溪行，忘路之远近,77,2016-12-06 16:27:08
阳仔,35,2016-12-06 17:01:09
向南,39,2016-12-06 17:19:57
越仔,24,2016-12-06 17:43:39
Habo,45,2016-12-06 17:44:21
锅大侠,32,2016-12-06 17:48:06
政,30,2016-12-06 17:54:13
王任,35,2016-12-06 18:38:20
車乞,68,2016-12-06 18:51:26
CHAOFAN.K,17,2016-12-06 18:58:59
蒋展鹏,45,2016-12-06 19:01:54
Luo,55,2016-12-06 19:28:48
Michael,28,2016-12-06 19:29:31
shingle,53,2016-12-06 19:51:31
玖色堇,22,2016-12-06 20:07:00
良图,56,2016-12-06 20:11:49
QCU_,66,2016-12-06 20:21:10
Nathan Zheng,32,2016-12-06 21:43:04
💠Suesse💠彭咩咩,28,2016-12-06 21:58:35
💪黄文韬,65,2016-12-06 22:42:04
倦旅人,43,2016-12-07 00:10:46
Nix,23,2016-12-07 00:20:56
张弘年,74,2016-12-07 07:04:35
江流天地外,78,2016-12-07 09:00:05
花间清酒映明月,56,2016-12-07 09:54:56
存在,31,2016-12-07 10:24:15
方圆,84,2016-12-07 10:42:38
蒲甫安,14,2016-12-07 11:48:00
GYP,29,2016-12-07 11:56:04
秦岭,14,2016-12-07 12:16:03
追风,77,2016-12-07 12:19:33
Ly,30,2016-12-07 13:19:41
林凯龙,57,2016-12-07 13:33:16
toTop,08,2016-12-07 13:36:06
故人,32,2016-12-07 13:44:48
雨无尽时,23,2016-12-07 14:41:34
罗灿鑫,55,2016-12-07 16:19:47
哥无恩、衮,29,2016-12-07 18:28:53
Wulian物联传感～梅林,13,2016-12-07 19:07:27
Silence Joker,14,2016-12-07 19:15:18
kk,24,2016-12-07 19:18:04
Nelson,17,2016-12-07 20:24:38
东隅残雪,53,2016-12-07 20:37:12
yys,87,2016-12-07 22:43:19
匠心,41,2016-12-07 23:10:55
多拉达克,28,2016-12-07 23:11:21
